[
  {
    "size": "Sm",
    "label": "Size Sm (chest 34″)",
    "extended_label": "Size Sm — fits 33–35″ body chest",
    "armhole_depth": 8.5,
    "armhole_to_waist": 15,
    "back_neck_depth": 1,
    "bust_or_chest": 34,
    "foot circumference": 8.5,
    "foot_length": 8.5,
    "front_neck_depth": 4,
    "garment_back_length": 25.5,
    "head circumference": 23,
    "hip": 18.25,
    "neck_opening": 6.25,
    "neck_to_waist": 15.5,
    "": "",
    "__1": "",
    "shoulder_width": 15,
    "sleeve_cap": 4.25,
    "sleeve_length": 18,
    "upper_arm": 12,
    "waist": 28,
    "wrist": 6.25
  },
  {
    "size": "Med",
    "label": "Size Med (chest 36″)",
    "extended_label": "Size Med — fits 35–37″ body chest",
    "armhole_depth": 9,
    "armhole_to_waist": 15,
    "back_neck_depth": 1,
    "bust_or_chest": 36,
    "foot circumference": 9,
    "foot_length": 9,
    "front_neck_depth": 4.25,
    "garment_back_length": 26,
    "head circumference": 23.25,
    "hip": 19.25,
    "neck_opening": 6.5,
    "neck_to_waist": 15.75,
    "": "",
    "__1": "",
    "shoulder_width": 16.5,
    "sleeve_cap": 4.5,
    "sleeve_length": 18.25,
    "upper_arm": 13,
    "waist": 30,
    "wrist": 6.5
  },
  {
    "size": "Lg",
    "label": "Size Lg (chest 38″)",
    "extended_label": "Size Lg — fits 37–39″ body chest",
    "armhole_depth": 9.5,
    "armhole_to_waist": 15.25,
    "back_neck_depth": 1,
    "bust_or_chest": 38,
    "foot circumference": 9,
    "foot_length": 9,
    "front_neck_depth": 4.5,
    "garment_back_length": 26.5,
    "head circumference": 23.5,
    "hip": 20.5,
    "neck_opening": 6.5,
    "neck_to_waist": 16.25,
    "": "",
    "__1": "",
    "shoulder_width": 17.5,
    "sleeve_cap": 4.5,
    "sleeve_length": 18.5,
    "upper_arm": 15,
    "waist": 32,
    "wrist": 6.75
  },
  {
    "size": "XL",
    "label": "Size XL (chest 40″)",
    "extended_label": "Size XL — fits 39–41″ body chest",
    "armhole_depth": 10,
    "armhole_to_waist": 15.25,
    "back_neck_depth": 1,
    "bust_or_chest": 40,
    "foot circumference": 9.5,
    "foot_length": 9.5,
    "front_neck_depth": 4.75,
    "garment_back_length": 27,
    "head circumference": 23.75,
    "hip": 21.5,
    "neck_opening": 7,
    "neck_to_waist": 16.5,
    "": "",
    "__1": "",
    "shoulder_width": 18,
    "sleeve_cap": 4.5,
    "sleeve_length": 18.75,
    "upper_arm": 15.5,
    "waist": 34,
    "wrist": 7
  },
  {
    "size": "1X",
    "label": "Size 1X (chest 42″)",
    "extended_label": "Size 1X — fits 41–43″ body chest",
    "armhole_depth": 10.5,
    "armhole_to_waist": 15.5,
    "back_neck_depth": 1.5,
    "bust_or_chest": 42,
    "foot circumference": 9.5,
    "foot_length": 9.5,
    "front_neck_depth": 5,
    "garment_back_length": 27.5,
    "head circumference": 24,
    "hip": 22.5,
    "neck_opening": 7.5,
    "neck_to_waist": 17,
    "": "",
    "__1": "",
    "shoulder_width": 18.5,
    "sleeve_cap": 4.75,
    "sleeve_length": 19,
    "upper_arm": 16.5,
    "waist": 36,
    "wrist": 7.25
  },
  {
    "size": "2X",
    "label": "Size 2X (chest 44″)",
    "extended_label": "Size 2X — fits 43–45″ body chest",
    "armhole_depth": 11,
    "armhole_to_waist": 15.5,
    "back_neck_depth": 1.5,
    "bust_or_chest": 44,
    "foot circumference": 10,
    "foot_length": 10,
    "front_neck_depth": 5.25,
    "garment_back_length": 28,
    "head circumference": 24.25,
    "hip": 24,
    "neck_opening": 7.75,
    "neck_to_waist": 17.25,
    "": "",
    "__1": "",
    "shoulder_width": 19,
    "sleeve_cap": 4.75,
    "sleeve_length": 19.25,
    "upper_arm": 17.5,
    "waist": 39,
    "wrist": 7.5
  },
  {
    "size": "3X",
    "label": "Size 3X (chest 46″)",
    "extended_label": "Size 3X — fits 45–47″ body chest",
    "armhole_depth": 11.5,
    "armhole_to_waist": 15.75,
    "back_neck_depth": 1.5,
    "bust_or_chest": 46,
    "foot circumference": 10,
    "foot_length": 10,
    "front_neck_depth": 5.5,
    "garment_back_length": 28.5,
    "head circumference": 24.5,
    "hip": 25,
    "neck_opening": 8,
    "neck_to_waist": 17.75,
    "": "",
    "__1": "",
    "shoulder_width": 20,
    "sleeve_cap": 4.75,
    "sleeve_length": 19.5,
    "upper_arm": 18.5,
    "waist": 42,
    "wrist": 7.75
  },
  {
    "size": "4X",
    "label": "Size 4X (chest 48″)",
    "extended_label": "Size 4X — fits 47–49″ body chest",
    "armhole_depth": 12,
    "armhole_to_waist": 15.75,
    "back_neck_depth": 1.5,
    "bust_or_chest": 48,
    "foot circumference": 10.5,
    "foot_length": 10.5,
    "front_neck_depth": 5.75,
    "garment_back_length": 29,
    "head circumference": 24.75,
    "hip": 26.25,
    "neck_opening": 8.25,
    "neck_to_waist": 18,
    "": "",
    "__1": "",
    "shoulder_width": 21,
    "sleeve_cap": 5,
    "sleeve_length": 19.75,
    "upper_arm": 20,
    "waist": 44,
    "wrist": 8
  },
  {
    "size": "5X",
    "label": "Size 5X (chest 50″)",
    "extended_label": "Size 5X — fits 49–51″ body chest",
    "armhole_depth": 12.5,
    "armhole_to_waist": 16,
    "back_neck_depth": 1.75,
    "bust_or_chest": 50,
    "foot circumference": 11,
    "foot_length": 11,
    "front_neck_depth": 6,
    "garment_back_length": 29,
    "head circumference": 25,
    "hip": 27.25,
    "neck_opening": 8.5,
    "neck_to_waist": 18.5,
    "": "",
    "__1": "",
    "shoulder_width": 22,
    "sleeve_cap": 5,
    "sleeve_length": 20,
    "upper_arm": 22,
    "waist": 46,
    "wrist": 8.25
  }
]