[
  {
    "size": "X",
    "label": "Size X (Bust 39″)",
    "extended_label": "Size X — fits 38–40″ body bust",
    "armhole_depth": 9,
    "armhole_to_waist": "",
    "back_neck_depth": 1,
    "bust_or_chest": 39,
    "foot circumference": "",
    "foot_length": "",
    "front_neck_depth": 5,
    "garment_back_length": 16.75,
    "head circumference": 22,
    "hip": 41,
    "neck_opening": 7,
    "neck_to_waist": 16.75,
    "raglan_depth": "",
    "raglan_sleeve_top": "",
    "shoulder_width": 16,
    "sleeve_cap": "",
    "sleeve_length": 16.5,
    "upper_arm": 13,
    "waist": 31,
    "wrist": 7
  },
  {
    "size": "1x",
    "label": "Size 1x (Bust 43″)",
    "extended_label": "Size 1x — fits 42–44″ body bust",
    "armhole_depth": 10,
    "armhole_to_waist": "",
    "back_neck_depth": 1,
    "bust_or_chest": 43,
    "foot circumference": "",
    "foot_length": "",
    "front_neck_depth": 5.25,
    "garment_back_length": 17,
    "head circumference": 22.5,
    "hip": 45,
    "neck_opening": 7.25,
    "neck_to_waist": 17,
    "raglan_depth": "",
    "raglan_sleeve_top": "",
    "shoulder_width": 16.37,
    "sleeve_cap": "",
    "sleeve_length": 16.75,
    "upper_arm": 14,
    "waist": 35,
    "wrist": 7.25
  },
  {
    "size": "2x",
    "label": "Size 2x (Bust 47″)",
    "extended_label": "Size 2x — fits 46–48″ body bust",
    "armhole_depth": 10.5,
    "armhole_to_waist": "",
    "back_neck_depth": 1,
    "bust_or_chest": 47,
    "foot circumference": "",
    "foot_length": "",
    "front_neck_depth": 5.5,
    "garment_back_length": 17.25,
    "head circumference": 22.5,
    "hip": 49,
    "neck_opening": 7.5,
    "neck_to_waist": 17.25,
    "raglan_depth": "",
    "raglan_sleeve_top": "",
    "shoulder_width": 16.62,
    "sleeve_cap": "",
    "sleeve_length": 16.75,
    "upper_arm": 15,
    "waist": 39,
    "wrist": 7.5
  },
  {
    "size": "3x",
    "label": "Size 3x (Bust 51″)",
    "extended_label": "Size 3x — fits 50–52″ body bust",
    "armhole_depth": 11,
    "armhole_to_waist": "",
    "back_neck_depth": 1,
    "bust_or_chest": 51,
    "foot circumference": "",
    "foot_length": "",
    "front_neck_depth": 5.75,
    "garment_back_length": 17.5,
    "head circumference": 22.5,
    "hip": 53,
    "neck_opening": 7.5,
    "neck_to_waist": 17.5,
    "raglan_depth": "",
    "raglan_sleeve_top": "",
    "shoulder_width": 17,
    "sleeve_cap": "",
    "sleeve_length": 16.75,
    "upper_arm": 16,
    "waist": 43,
    "wrist": 7.75
  },
  {
    "size": "4x",
    "label": "Size 4x (Bust 55″)",
    "extended_label": "Size 4x — fits 54–56″ body bust",
    "armhole_depth": 11,
    "armhole_to_waist": "",
    "back_neck_depth": 1,
    "bust_or_chest": 55,
    "foot circumference": "",
    "foot_length": "",
    "front_neck_depth": 6,
    "garment_back_length": 17.75,
    "head circumference": 22.5,
    "hip": 57,
    "neck_opening": 7.5,
    "neck_to_waist": 17.75,
    "raglan_depth": "",
    "raglan_sleeve_top": "",
    "shoulder_width": 18,
    "sleeve_cap": "",
    "sleeve_length": 16.75,
    "upper_arm": 17,
    "waist": 47,
    "wrist": 8
  },
  {
    "size": "5x",
    "label": "Size 5x (Bust 59″)",
    "extended_label": "Size 5x — fits 58–60″ body bust",
    "armhole_depth": 11.5,
    "armhole_to_waist": "",
    "back_neck_depth": 1,
    "bust_or_chest": 59,
    "foot circumference": "",
    "foot_length": "",
    "front_neck_depth": 6.25,
    "garment_back_length": 17.75,
    "head circumference": 22.5,
    "hip": 61,
    "neck_opening": 8,
    "neck_to_waist": 17.75,
    "raglan_depth": "",
    "raglan_sleeve_top": "",
    "shoulder_width": 18.25,
    "sleeve_cap": "",
    "sleeve_length": 16.75,
    "upper_arm": 18,
    "waist": 51,
    "wrist": 8.25
  },
  {
    "size": "6x",
    "label": "Size 6x (Bust 63″)",
    "extended_label": "Size 6x — fits 62–64″ body bust",
    "armhole_depth": 12,
    "armhole_to_waist": "",
    "back_neck_depth": 1,
    "bust_or_chest": 63,
    "foot circumference": "",
    "foot_length": "",
    "front_neck_depth": 7,
    "garment_back_length": 18.25,
    "head circumference": 22.5,
    "hip": 65,
    "neck_opening": 8.5,
    "neck_to_waist": 18.25,
    "raglan_depth": "",
    "raglan_sleeve_top": "",
    "shoulder_width": 19,
    "sleeve_cap": "",
    "sleeve_length": 17,
    "upper_arm": 19,
    "waist": 56,
    "wrist": 8.5
  }
]