[
  {
    "size": "3 mo",
    "label": "Size 3 mo (Chest 16″)",
    "extended_label": "Size 3 mo — fits 15–17″ body chest",
    "armhole_depth": 3.25,
    "armhole_to_waist": 3,
    "back_neck_depth": 1,
    "bust_or_chest": 16,
    "foot circumference": "",
    "foot_length": "",
    "front_neck_depth": 1.5,
    "garment_back_length": 6,
    "head circumference": 14,
    "hip": 19,
    "neck_opening": 4.5,
    "neck_to_waist": 6,
    "raglan_depth": 3.75,
    "raglan_sleeve_top": "",
    "shoulder_width": 7.25,
    "sleeve_cap": "",
    "sleeve_length": 6,
    "upper_arm": 5.5,
    "waist": 18,
    "wrist": 3.5
  },
  {
    "size": "6 mo",
    "label": "Size 6 mo (Chest 17″)",
    "extended_label": "Size 6 mo — fits 16–18″ body chest",
    "armhole_depth": 3.5,
    "armhole_to_waist": 3.5,
    "back_neck_depth": 1,
    "bust_or_chest": 17,
    "foot circumference": "",
    "foot_length": "",
    "front_neck_depth": 1.5,
    "garment_back_length": 7,
    "head circumference": 14,
    "hip": 20,
    "neck_opening": 5,
    "neck_to_waist": 7,
    "raglan_depth": 3.75,
    "raglan_sleeve_top": "",
    "shoulder_width": 7.75,
    "sleeve_cap": "",
    "sleeve_length": 6.5,
    "upper_arm": 6,
    "waist": 19,
    "wrist": 4
  },
  {
    "size": "12 mo",
    "label": "Size 12 mo (Chest 18″)",
    "extended_label": "Size 12 mo — fits 17–19″ body chest",
    "armhole_depth": 3.75,
    "armhole_to_waist": 3.75,
    "back_neck_depth": 1,
    "bust_or_chest": 18,
    "foot circumference": "",
    "foot_length": "",
    "front_neck_depth": 1.5,
    "garment_back_length": 7.5,
    "head circumference": 14,
    "hip": 20,
    "neck_opening": 5.5,
    "neck_to_waist": 7.5,
    "raglan_depth": 4,
    "raglan_sleeve_top": "",
    "shoulder_width": 8.25,
    "sleeve_cap": "",
    "sleeve_length": 7.5,
    "upper_arm": 6.5,
    "waist": 20,
    "wrist": 4.5
  },
  {
    "size": "18 mo",
    "label": "Size 18 mo (Chest 19″)",
    "extended_label": "Size 18 mo — fits 18–20″ body chest",
    "armhole_depth": 4,
    "armhole_to_waist": 4,
    "back_neck_depth": 1,
    "bust_or_chest": 19,
    "foot circumference": "",
    "foot_length": "",
    "front_neck_depth": 2,
    "garment_back_length": 8,
    "head circumference": 16,
    "hip": 21,
    "neck_opening": 5.75,
    "neck_to_waist": 8,
    "raglan_depth": 4.25,
    "raglan_sleeve_top": "",
    "shoulder_width": 8.5,
    "sleeve_cap": "",
    "sleeve_length": 8,
    "upper_arm": 7,
    "waist": 20.5,
    "wrist": 4.75
  },
  {
    "size": "24 mo",
    "label": "Size 24 mo (Chest 20″)",
    "extended_label": "Size 24 mo — fits 19–21″ body chest",
    "armhole_depth": 4.25,
    "armhole_to_waist": 4.25,
    "back_neck_depth": 1,
    "bust_or_chest": 20,
    "foot circumference": "",
    "foot_length": "",
    "front_neck_depth": 2,
    "garment_back_length": 8.5,
    "head circumference": 18,
    "hip": 22,
    "neck_opening": 5.75,
    "neck_to_waist": 8.5,
    "raglan_depth": 4.5,
    "raglan_sleeve_top": "",
    "shoulder_width": 8.75,
    "sleeve_cap": "",
    "sleeve_length": 8.5,
    "upper_arm": 7.5,
    "waist": 21,
    "wrist": 4.75
  }
]