[
  {
    "size": 1,
    "label": "Size 1 (Bust 31.5″)",
    "extended_label": "Size 1 — fits 30.5–32.5″ body bust",
    "armhole_depth": 7,
    "armhole_to_waist": 7.75,
    "back_neck_depth": 1,
    "bust_or_chest": 31.5,
    "foot circumference": 7.5,
    "foot_length": 7.5,
    "front_neck_depth": 2,
    "garment_back_length": 21,
    "head circumference": 21,
    "hip": 33.5,
    "neck_opening": 6,
    "neck_to_waist": 14.75,
    "raglan_depth": 8,
    "raglan_sleeve_top": 1,
    "shoulder_width": 12,
    "sleeve_cap": 2.5,
    "sleeve_length": 16.25,
    "upper_arm": 9.75,
    "waist": 22.5,
    "wrist": 5.25
  },
  {
    "size": 2,
    "label": "Size 2 (Bust 32.5″)",
    "extended_label": "Size 2 — fits 31.5–33.5″ body bust",
    "armhole_depth": 7.25,
    "armhole_to_waist": 7.75,
    "back_neck_depth": 1,
    "bust_or_chest": 32.5,
    "foot circumference": 8,
    "foot_length": 8,
    "front_neck_depth": 2,
    "garment_back_length": 22,
    "head circumference": 21.5,
    "hip": 34.5,
    "neck_opening": 6.5,
    "neck_to_waist": 15,
    "raglan_depth": 8.25,
    "raglan_sleeve_top": 1,
    "shoulder_width": 12.25,
    "sleeve_cap": 3,
    "sleeve_length": 16.5,
    "upper_arm": 10,
    "waist": 23.5,
    "wrist": 5.5
  },
  {
    "size": 3,
    "label": "Size 3 (Bust 33.5″)",
    "extended_label": "Size 3 — fits 32.5–34.5″ body bust",
    "armhole_depth": 7.25,
    "armhole_to_waist": 8,
    "back_neck_depth": 1,
    "bust_or_chest": 33.5,
    "foot circumference": 8,
    "foot_length": 8,
    "front_neck_depth": 2,
    "garment_back_length": 22.5,
    "head circumference": 21.75,
    "hip": 35.5,
    "neck_opening": 6.5,
    "neck_to_waist": 15.25,
    "raglan_depth": 8.25,
    "raglan_sleeve_top": 1,
    "shoulder_width": 12.5,
    "sleeve_cap": 3,
    "sleeve_length": 16.5,
    "upper_arm": 10.25,
    "waist": 24.5,
    "wrist": 5.5
  },
  {
    "size": 4,
    "label": "Size 4 (Bust 35″)",
    "extended_label": "Size 4 — fits 34–36″ body bust",
    "armhole_depth": 7.5,
    "armhole_to_waist": 8,
    "back_neck_depth": 1,
    "bust_or_chest": 35,
    "foot circumference": 8.5,
    "foot_length": 8.5,
    "front_neck_depth": 2,
    "garment_back_length": 23,
    "head circumference": 22,
    "hip": 37,
    "neck_opening": 7,
    "neck_to_waist": 15.5,
    "raglan_depth": 8.5,
    "raglan_sleeve_top": 1,
    "shoulder_width": 13,
    "sleeve_cap": 3.25,
    "sleeve_length": 16.75,
    "upper_arm": 10.5,
    "waist": 26,
    "wrist": 5.5
  },
  {
    "size": 5,
    "label": "Size 5 (Bust 36.5″)",
    "extended_label": "Size 5 — fits 35.5–37.5″ body bust",
    "armhole_depth": 7.5,
    "armhole_to_waist": 8.25,
    "back_neck_depth": 1,
    "bust_or_chest": 36.5,
    "foot circumference": 9,
    "foot_length": 9,
    "front_neck_depth": 2,
    "garment_back_length": 23.5,
    "head circumference": 22,
    "hip": 38.5,
    "neck_opening": 7.25,
    "neck_to_waist": 15.75,
    "raglan_depth": 8.5,
    "raglan_sleeve_top": 1,
    "shoulder_width": 13.25,
    "sleeve_cap": 3.25,
    "sleeve_length": 16.75,
    "upper_arm": 10.75,
    "waist": 27.5,
    "wrist": 5.75
  },
  {
    "size": 6,
    "label": "Size 6 (Bust 38″)",
    "extended_label": "Size 6 — fits 37–39″ body bust",
    "armhole_depth": 7.5,
    "armhole_to_waist": 8.5,
    "back_neck_depth": 1,
    "bust_or_chest": 38,
    "foot circumference": 9.5,
    "foot_length": 9.5,
    "front_neck_depth": 2.5,
    "garment_back_length": 24,
    "head circumference": 22,
    "hip": 40,
    "neck_opening": 7,
    "neck_to_waist": 16,
    "raglan_depth": 8.75,
    "raglan_sleeve_top": 2,
    "shoulder_width": 13.5,
    "sleeve_cap": 3.25,
    "sleeve_length": 17,
    "upper_arm": 11.25,
    "waist": 29,
    "wrist": 6
  },
  {
    "size": 7,
    "label": "Size 7 (Bust 40″)",
    "extended_label": "Size 7 — fits 39–41″ body bust",
    "armhole_depth": 7.75,
    "armhole_to_waist": 8.5,
    "back_neck_depth": 1,
    "bust_or_chest": 40,
    "foot circumference": 10,
    "foot_length": 10,
    "front_neck_depth": 2.5,
    "garment_back_length": 24.5,
    "head circumference": 22.5,
    "hip": 42,
    "neck_opening": 7.5,
    "neck_to_waist": 16.25,
    "raglan_depth": 9,
    "raglan_sleeve_top": 2,
    "shoulder_width": 13.75,
    "sleeve_cap": 3.5,
    "sleeve_length": 17,
    "upper_arm": 12,
    "waist": 31,
    "wrist": 6
  },
  {
    "size": 8,
    "label": "Size 8 (Bust 42″)",
    "extended_label": "Size 8 — fits 41–43″ body bust",
    "armhole_depth": 8,
    "armhole_to_waist": 8.5,
    "back_neck_depth": 1,
    "bust_or_chest": 42,
    "foot circumference": 10.5,
    "foot_length": 10.5,
    "front_neck_depth": 3,
    "garment_back_length": 25,
    "head circumference": 22.5,
    "hip": 44,
    "neck_opening": 7.5,
    "neck_to_waist": 16.5,
    "raglan_depth": 9.25,
    "raglan_sleeve_top": 2,
    "shoulder_width": 14.25,
    "sleeve_cap": 3.5,
    "sleeve_length": 17,
    "upper_arm": 12.5,
    "waist": 33,
    "wrist": 6.25
  }
]