[
  {
    "size": "2 yr",
    "label": "Size 2 yr (Chest 21″)",
    "extended_label": "Size 2 yr — fits 20–22″ body chest",
    "armhole_depth": 4.25,
    "armhole_to_waist": "",
    "back_neck_depth": 1,
    "bust_or_chest": 21,
    "foot circumference": "",
    "foot_length": "",
    "front_neck_depth": 2,
    "garment_back_length": 18,
    "head circumference": "",
    "hip": "",
    "neck_opening": 4,
    "neck_to_waist": "",
    "raglan_depth": "",
    "raglan_sleeve_top": "",
    "shoulder_width": 9.25,
    "sleeve_cap": "",
    "sleeve_length": 8.5,
    "upper_arm": 6,
    "waist": 21,
    "wrist": 4.5
  },
  {
    "size": "4 yr",
    "label": "Size 4 yr (Chest 23″)",
    "extended_label": "Size 4 yr — fits 22–24″ body chest",
    "armhole_depth": 4.75,
    "armhole_to_waist": "",
    "back_neck_depth": 1,
    "bust_or_chest": 23,
    "foot circumference": "",
    "foot_length": "",
    "front_neck_depth": 2.5,
    "garment_back_length": 19.5,
    "head circumference": "",
    "hip": "",
    "neck_opening": 4.75,
    "neck_to_waist": "",
    "raglan_depth": "",
    "raglan_sleeve_top": "",
    "shoulder_width": 9.75,
    "sleeve_cap": "",
    "sleeve_length": 10.5,
    "upper_arm": 7.5,
    "waist": 21.5,
    "wrist": 5.75
  },
  {
    "size": "6 yr",
    "label": "Size 6 yr (Chest 25″)",
    "extended_label": "Size 6 yr — fits 24–26″ body chest",
    "armhole_depth": 5,
    "armhole_to_waist": "",
    "back_neck_depth": 1,
    "bust_or_chest": 25,
    "foot circumference": "",
    "foot_length": "",
    "front_neck_depth": 3,
    "garment_back_length": 20.5,
    "head circumference": "",
    "hip": "",
    "neck_opening": 5,
    "neck_to_waist": "",
    "raglan_depth": "",
    "raglan_sleeve_top": "",
    "shoulder_width": 10.25,
    "sleeve_cap": "",
    "sleeve_length": 11.5,
    "upper_arm": 8,
    "waist": 22.5,
    "wrist": 6
  },
  {
    "size": "8 yr",
    "label": "Size 8 yr (Chest 26.5″)",
    "extended_label": "Size 8 yr — fits 25.5–27.5″ body chest",
    "armhole_depth": 5.5,
    "armhole_to_waist": "",
    "back_neck_depth": 1,
    "bust_or_chest": 26.5,
    "foot circumference": "",
    "foot_length": "",
    "front_neck_depth": 3.25,
    "garment_back_length": 22,
    "head circumference": "",
    "hip": "",
    "neck_opening": 5.5,
    "neck_to_waist": "",
    "raglan_depth": "",
    "raglan_sleeve_top": "",
    "shoulder_width": 10.75,
    "sleeve_cap": "",
    "sleeve_length": 12.5,
    "upper_arm": 8.5,
    "waist": 23.5,
    "wrist": 6.25
  },
  {
    "size": "10 yr",
    "label": "Size 10 yr (Chest 28″)",
    "extended_label": "Size 10 yr — fits 27–29″ body chest",
    "armhole_depth": 6,
    "armhole_to_waist": "",
    "back_neck_depth": 1,
    "bust_or_chest": 28,
    "foot circumference": "",
    "foot_length": "",
    "front_neck_depth": 3.5,
    "garment_back_length": 24,
    "head circumference": "",
    "hip": "",
    "neck_opening": 6,
    "neck_to_waist": "",
    "raglan_depth": "",
    "raglan_sleeve_top": "",
    "shoulder_width": 11.25,
    "sleeve_cap": "",
    "sleeve_length": 13.5,
    "upper_arm": 8.75,
    "waist": 24.5,
    "wrist": 6.5
  },
  {
    "size": "12 yr",
    "label": "Size 12 yr (Chest 30″)",
    "extended_label": "Size 12 yr — fits 29–31″ body chest",
    "armhole_depth": 6.5,
    "armhole_to_waist": "",
    "back_neck_depth": 1,
    "bust_or_chest": 30,
    "foot circumference": "",
    "foot_length": "",
    "front_neck_depth": 3.5,
    "garment_back_length": 26,
    "head circumference": "",
    "hip": "",
    "neck_opening": 6,
    "neck_to_waist": "",
    "raglan_depth": "",
    "raglan_sleeve_top": "",
    "shoulder_width": 12,
    "sleeve_cap": "",
    "sleeve_length": 15,
    "upper_arm": 9,
    "waist": 25,
    "wrist": 6.75
  },
  {
    "size": "14 yr",
    "label": "Size 14 yr (Chest 31.5″)",
    "extended_label": "Size 14 yr — fits 30.5–32.5″ body chest",
    "armhole_depth": 7,
    "armhole_to_waist": "",
    "back_neck_depth": 1,
    "bust_or_chest": 31.5,
    "foot circumference": "",
    "foot_length": "",
    "front_neck_depth": 3.75,
    "garment_back_length": 27,
    "head circumference": "",
    "hip": "",
    "neck_opening": 6.25,
    "neck_to_waist": "",
    "raglan_depth": "",
    "raglan_sleeve_top": "",
    "shoulder_width": 12.25,
    "sleeve_cap": "",
    "sleeve_length": 16,
    "upper_arm": 9.25,
    "waist": 26.5,
    "wrist": 7
  },
  {
    "size": "16 yr",
    "label": "Size 16 yr (Chest 32.5″)",
    "extended_label": "Size 16 yr — fits 31.5–33.5″ body chest",
    "armhole_depth": 7.5,
    "armhole_to_waist": "",
    "back_neck_depth": 1,
    "bust_or_chest": 32.5,
    "foot circumference": "",
    "foot_length": "",
    "front_neck_depth": 4,
    "garment_back_length": 28,
    "head circumference": "",
    "hip": "",
    "neck_opening": 6.5,
    "neck_to_waist": "",
    "raglan_depth": "",
    "raglan_sleeve_top": "",
    "shoulder_width": 13,
    "sleeve_cap": "",
    "sleeve_length": 16.5,
    "upper_arm": 9.5,
    "waist": 27.5,
    "wrist": 7.5
  }
]